{
    "errors": [],
    "message": "The Migration request completed successfully",
    "debug": "DEBUG MODE",
    "accounts": [{
        "message": "Created GTSTechSpec: 1, Policy: 1, SOXDocument: 8",
        "error": "",
        "created": "Created GTSTechSpec: 1, Policy: 1, SOXDocument: 8",
        "status": "Success",
        "name": "WHU"
    }],
    "errorMsg": "",
    "code": "200",
    "created": "Created GTSTechSpec: 1, Policy: 1, SOXDocument: 8",
    "msg": "OK",
    "status": "Success"
}